,UMAP,tSNE,AE2layer,AE6layer,VAE
Mean,0.6305160931713499,0.6028567716980527,0.578674104132127,0.5756917000560133,0.5869655312289651
SD,0.012955660656598207,0.010679350305031235,0.0038977302550128336,0.003193618702492773,0.01546529333915742
