,UMAP,tSNE,AE2layer,AE6layer,VAE
Mean,0.8072595123912644,0.7480277995239881,0.5134442958253063,0.6530095800794875,0.7047813789669093
SD,0.007696621896920753,0.0029484820372667813,0.0022843456079324996,0.003663642150217396,0.0017251981883939444
