,UMAP,tSNE,AE2layer,AE6layer,VAE
Mean,0.8971629194400423,0.7955382956390732,0.6146561843924978,0.7854052090586471,0.858012706407297
SD,0.0018209392422954928,0.010897077820412087,0.00735416781138618,0.00663145747476976,0.026197704128730206
